neurons,training_iterations,DBN,CNN,PNN
10,100,0.6551724137931034,0.4827586206896552,0.8275862068965517
10,200,0.6206896551724138,0.5517241379310345,0.7931034482758621
10,300,0.6551724137931034,0.5517241379310345,0.8275862068965517
10,400,0.8275862068965517,0.5517241379310345,0.8275862068965517
10,500,0.7586206896551724,0.4827586206896552,0.8620689655172413
10,600,0.7586206896551724,0.6896551724137931,0.7931034482758621
10,700,0.8275862068965517,0.5172413793103449,0.862068965517241310
10,800,0.7931034482758621,0.5517241379310345,0.7931034482758621
