accuracy,training_iterations
0.4583333333333333,100
0.5416666666666666,100
0.375,100
